itemid,datasetid,hasbird,0,1,preds
72219,ff1010bird,0,0.98843443,0.011565549,0
38283,ff1010bird,1,0.08016176,0.9198382,1
64195,ff1010bird,0,0.97510344,0.024896549,0
17915,ff1010bird,0,0.98831356,0.011686459,0
52045,ff1010bird,1,0.98638153,0.013618458,0
186363,ff1010bird,0,0.99294186,0.0070581315,0
32536,ff1010bird,1,0.029655438,0.97034454,1
173895,ff1010bird,0,0.99818856,0.0018114893,0
168895,ff1010bird,0,0.8905034,0.10949655,0
176049,ff1010bird,0,0.48931977,0.5106802,1
100278,ff1010bird,0,0.021929089,0.9780709,1
178826,ff1010bird,0,0.8416539,0.15834609,0
79703,ff1010bird,0,0.6784176,0.3215824,0
34094,ff1010bird,0,0.59815335,0.40184665,0
17861,ff1010bird,1,0.9277423,0.07225767,0
103557,ff1010bird,0,0.96217465,0.037825312,0
110917,ff1010bird,1,0.6316082,0.36839187,0
35212,ff1010bird,1,0.9813871,0.018612942,0
150946,ff1010bird,0,0.7820392,0.21796076,0
150854,ff1010bird,1,0.041921157,0.95807886,1
50062,ff1010bird,0,0.8476678,0.1523322,0
86934,ff1010bird,0,0.9922626,0.0077374233,0
126389,ff1010bird,1,0.5028466,0.4971534,0
87614,ff1010bird,0,0.91854185,0.08145815,0
34329,ff1010bird,0,0.47047955,0.52952045,1
60033,ff1010bird,0,0.9667441,0.03325591,0
69102,ff1010bird,1,0.99013734,0.009862597,0
82933,ff1010bird,0,0.9323687,0.06763127,0
61579,ff1010bird,0,0.99373513,0.0062649106,0
132175,ff1010bird,0,0.9518855,0.04811456,0
69873,ff1010bird,0,0.9576931,0.04230695,0
104429,ff1010bird,1,0.9422151,0.05778493,0
33695,ff1010bird,0,0.60766125,0.39233875,0
31816,ff1010bird,1,0.0016709092,0.9983291,1
44223,ff1010bird,0,0.9974323,0.0025677567,0
371,ff1010bird,0,0.9969722,0.0030277763,0
75248,ff1010bird,0,0.97729003,0.02271002,0
15849,ff1010bird,1,0.083705306,0.91629463,1
20067,ff1010bird,0,0.8422019,0.15779814,0
35038,ff1010bird,0,0.9111456,0.08885442,0
191920,ff1010bird,0,0.9951611,0.0048388448,0
75628,ff1010bird,0,0.99309856,0.0069014058,0
86639,ff1010bird,0,0.9877763,0.012223673,0
128712,ff1010bird,0,0.9721745,0.027825532,0
166479,ff1010bird,1,0.9165234,0.08347659,0
75071,ff1010bird,0,0.9139073,0.08609268,0
78784,ff1010bird,1,0.07716779,0.92283225,1
95714,ff1010bird,1,0.6712103,0.3287897,0
74462,ff1010bird,0,0.9360098,0.063990235,0
95549,ff1010bird,1,0.38147724,0.61852276,1
131132,ff1010bird,0,0.9892513,0.010748651,0
185141,ff1010bird,0,0.9916501,0.008349925,0
149928,ff1010bird,0,0.9533301,0.046669893,0
56949,ff1010bird,0,0.98807156,0.0119284345,0
39930,ff1010bird,0,0.7560676,0.24393243,0
43714,ff1010bird,0,0.91140836,0.08859166,0
95695,ff1010bird,0,0.5863495,0.41365045,0
77790,ff1010bird,0,0.995726,0.004273987,0
96757,ff1010bird,0,0.9958626,0.0041373796,0
127851,ff1010bird,0,0.83835346,0.16164652,0
164184,ff1010bird,0,0.9241029,0.07589706,0
22522,ff1010bird,0,0.9977864,0.0022136075,0
45488,ff1010bird,0,0.93620557,0.06379437,0
174091,ff1010bird,0,0.9964948,0.0035051985,0
169470,ff1010bird,0,0.9907391,0.0092608705,0
108764,ff1010bird,1,0.03213075,0.9678693,1
82904,ff1010bird,0,0.93697554,0.063024424,0
40954,ff1010bird,0,0.93277925,0.06722077,0
86958,ff1010bird,0,0.99725276,0.002747204,0
104656,ff1010bird,0,0.81424296,0.18575704,0
146693,ff1010bird,0,0.91990197,0.08009799,0
91448,ff1010bird,0,0.9064279,0.09357206,0
70323,ff1010bird,0,0.9971149,0.0028851386,0
113324,ff1010bird,0,0.9857799,0.0142201865,0
62063,ff1010bird,0,0.72291803,0.2770819,0
126826,ff1010bird,0,0.7317435,0.2682565,0
121959,ff1010bird,1,0.90800136,0.0919986,0
64172,ff1010bird,0,0.99246997,0.0075300056,0
94764,ff1010bird,0,0.9901571,0.009842896,0
54900,ff1010bird,0,0.9961842,0.0038157913,0
54748,ff1010bird,0,0.69905585,0.30094412,0
128001,ff1010bird,0,0.9061383,0.09386168,0
71508,ff1010bird,1,0.09954439,0.90045565,1
157311,ff1010bird,1,0.78621197,0.21378805,0
53591,ff1010bird,1,0.101461865,0.8985381,1
65748,ff1010bird,0,0.91349596,0.08650398,0
55112,ff1010bird,1,0.81595695,0.184043,0
65472,ff1010bird,1,0.95725256,0.042747498,0
194851,ff1010bird,1,0.94515723,0.054842748,0
143294,ff1010bird,0,0.97413063,0.025869409,0
112291,ff1010bird,0,0.8895717,0.11042831,0
158592,ff1010bird,0,0.92941314,0.070586905,0
123691,ff1010bird,0,0.9889016,0.011098434,0
130136,ff1010bird,0,0.95904243,0.04095753,0
140728,ff1010bird,0,0.8816656,0.11833445,0
132986,ff1010bird,0,0.9398629,0.060137138,0
18039,ff1010bird,1,0.74543744,0.25456253,0
34157,ff1010bird,0,0.6926489,0.30735108,0
126039,ff1010bird,0,0.9550326,0.04496739,0
61660,ff1010bird,0,0.9891676,0.01083245,0
164185,ff1010bird,0,0.82080966,0.17919038,0
61182,ff1010bird,0,0.9843008,0.015699154,0
94633,ff1010bird,0,0.9628179,0.03718202,0
156524,ff1010bird,0,0.98385066,0.016149381,0
130151,ff1010bird,1,0.8641796,0.13582037,0
175040,ff1010bird,0,0.9022273,0.097772725,0
32479,ff1010bird,1,0.17028536,0.8297147,1
135471,ff1010bird,0,0.96357393,0.036425997,0
155098,ff1010bird,0,0.5760441,0.42395592,0
21245,ff1010bird,1,0.9236621,0.0763379,0
152548,ff1010bird,0,0.9846811,0.015318828,0
165994,ff1010bird,0,0.9844551,0.015544866,0
54545,ff1010bird,1,0.028137166,0.97186285,1
140816,ff1010bird,0,0.96896243,0.031037608,0
158191,ff1010bird,1,0.0078092907,0.99219066,1
112759,ff1010bird,1,0.92240417,0.07759581,0
18047,ff1010bird,1,0.35412484,0.6458751,1
191277,ff1010bird,0,0.7833443,0.21665567,0
155282,ff1010bird,1,0.02116309,0.97883695,1
91237,ff1010bird,0,0.9774393,0.022560632,0
101870,ff1010bird,0,0.9790507,0.0209493,0
112758,ff1010bird,1,0.3319941,0.6680059,1
86764,ff1010bird,0,0.5776976,0.42230237,0
80486,ff1010bird,0,0.97391486,0.026085157,0
95858,ff1010bird,1,0.031172251,0.9688278,1
34112,ff1010bird,1,0.0060079773,0.99399203,1
46225,ff1010bird,0,0.9921326,0.007867452,0
80754,ff1010bird,0,0.9869162,0.013083802,0
94401,ff1010bird,0,0.96973383,0.030266186,0
82271,ff1010bird,0,0.9402593,0.05974064,0
127307,ff1010bird,0,0.18490055,0.8150994,1
91289,ff1010bird,0,0.8891888,0.11081118,0
191918,ff1010bird,0,0.9218744,0.07812562,0
89444,ff1010bird,1,0.021989206,0.97801083,1
128914,ff1010bird,0,0.88617724,0.11382271,0
170371,ff1010bird,0,0.2795104,0.7204896,1
51475,ff1010bird,1,0.8778558,0.12214421,0
160576,ff1010bird,1,0.051696472,0.9483036,1
127313,ff1010bird,0,0.75862706,0.24137291,0
117501,ff1010bird,0,0.9819727,0.01802725,0
159513,ff1010bird,0,0.8264404,0.17355962,0
180744,ff1010bird,0,0.978113,0.021886982,0
156619,ff1010bird,1,0.026077624,0.97392243,1
188494,ff1010bird,0,0.9900538,0.009946147,0
161896,ff1010bird,0,0.8815747,0.118425265,0
75702,ff1010bird,0,0.9752422,0.024757868,0
174095,ff1010bird,1,0.81299496,0.18700506,0
149007,ff1010bird,1,0.9080633,0.091936655,0
147923,ff1010bird,0,0.79415554,0.20584445,0
55494,ff1010bird,0,0.9575043,0.04249575,0
15792,ff1010bird,0,0.93320596,0.066794045,0
16835,ff1010bird,1,0.22005858,0.77994144,1
108765,ff1010bird,1,0.37484732,0.62515265,1
90088,ff1010bird,0,0.97114134,0.028858688,0
121301,ff1010bird,1,0.108913645,0.8910864,1
105232,ff1010bird,0,0.94976497,0.050235096,0
347,ff1010bird,0,0.96593106,0.0340689,0
74262,ff1010bird,0,0.9481309,0.051869076,0
145490,ff1010bird,0,0.97734183,0.022658227,0
118333,ff1010bird,0,0.99319756,0.0068025044,0
193480,ff1010bird,0,0.99092627,0.009073693,0
137961,ff1010bird,0,0.8805439,0.119456075,0
108356,ff1010bird,0,0.987435,0.012565037,0
176089,ff1010bird,0,0.9944882,0.005511882,0
127171,ff1010bird,0,0.9296082,0.07039181,0
16770,ff1010bird,0,0.96770287,0.032297067,0
102724,ff1010bird,1,0.008124721,0.99187535,1
54033,ff1010bird,0,0.9686593,0.03134065,0
81879,ff1010bird,0,0.95179164,0.048208363,0
52417,ff1010bird,0,0.9997594,0.00024064128,0
76367,ff1010bird,0,0.96449006,0.03550994,0
87940,ff1010bird,0,0.9668889,0.03311115,0
126157,ff1010bird,1,0.2003695,0.79963046,1
165157,ff1010bird,0,0.74301445,0.25698557,0
33444,ff1010bird,0,0.79120046,0.20879951,0
44123,ff1010bird,0,0.992716,0.007283997,0
167434,ff1010bird,1,0.84606165,0.15393837,0
124687,ff1010bird,0,0.9881207,0.011879343,0
145529,ff1010bird,0,0.8784891,0.12151089,0
50050,ff1010bird,0,0.9801398,0.019860176,0
173903,ff1010bird,1,0.96689916,0.033100825,0
70949,ff1010bird,0,0.9842091,0.015790919,0
97605,ff1010bird,0,0.9958205,0.0041794707,0
9190,ff1010bird,0,0.92725337,0.07274666,0
115414,ff1010bird,1,0.9889121,0.011087945,0
167304,ff1010bird,0,0.76663005,0.23336993,0
84542,ff1010bird,1,0.4334603,0.5665397,1
157596,ff1010bird,0,0.9323145,0.067685485,0
62021,ff1010bird,0,0.9087475,0.09125256,0
126336,ff1010bird,1,0.621549,0.37845096,0
126165,ff1010bird,0,0.9918252,0.00817481,0
146210,ff1010bird,0,0.9580224,0.041977555,0
82024,ff1010bird,0,0.9852359,0.014764064,0
64209,ff1010bird,0,0.9918413,0.008158668,0
121223,ff1010bird,0,0.93645644,0.063543625,0
41504,ff1010bird,0,0.9818371,0.018162869,0
48397,ff1010bird,1,0.89816195,0.101838104,0
119300,ff1010bird,1,0.0070383786,0.9929616,1
40130,ff1010bird,1,0.9582944,0.04170558,0
22951,ff1010bird,0,0.9413026,0.058697455,0
148813,ff1010bird,0,0.9891166,0.010883334,0
17507,ff1010bird,1,0.0075256345,0.9924744,1
93337,ff1010bird,0,0.94723535,0.052764717,0
82269,ff1010bird,0,0.98513675,0.01486328,0
77652,ff1010bird,0,0.66974705,0.33025292,0
176593,ff1010bird,0,0.99625236,0.003747706,0
57327,ff1010bird,1,0.016316164,0.9836838,1
90297,ff1010bird,0,0.6999208,0.30007917,0
58275,ff1010bird,0,0.98427,0.01573002,0
57034,ff1010bird,0,0.8763134,0.12368667,0
79273,ff1010bird,0,0.99501616,0.0049838987,0
170261,ff1010bird,0,0.85955346,0.14044653,0
98201,ff1010bird,1,0.911216,0.088784024,0
38569,ff1010bird,0,0.9378954,0.062104534,0
56879,ff1010bird,0,0.9939173,0.0060826973,0
184270,ff1010bird,0,0.9696778,0.030322148,0
160537,ff1010bird,0,0.8725585,0.12744157,0
112203,ff1010bird,1,0.3453003,0.65469974,1
162629,ff1010bird,0,0.9187045,0.0812955,0
146697,ff1010bird,0,0.8527837,0.14721635,0
161584,ff1010bird,1,0.027946698,0.9720533,1
74214,ff1010bird,0,0.6450972,0.3549028,0
81429,ff1010bird,1,0.048077267,0.9519228,1
141990,ff1010bird,0,0.9277306,0.07226942,0
69356,ff1010bird,1,0.69655085,0.30344918,0
172315,ff1010bird,0,0.9947448,0.005255253,0
64490,ff1010bird,0,0.971316,0.028684026,0
111034,ff1010bird,1,0.0005470226,0.999453,1
60590,ff1010bird,0,0.84119755,0.15880246,0
56748,ff1010bird,0,0.97709537,0.0229046,0
52298,ff1010bird,1,0.035570186,0.96442986,1
133670,ff1010bird,0,0.9881711,0.011828899,0
132905,ff1010bird,0,0.9931289,0.0068710977,0
53786,ff1010bird,0,0.8788077,0.12119231,0
116398,ff1010bird,0,0.91076267,0.089237295,0
153500,ff1010bird,1,0.6491376,0.3508624,0
191916,ff1010bird,0,0.98078823,0.019211773,0
155117,ff1010bird,0,0.9556497,0.04435034,0
130076,ff1010bird,0,0.7248974,0.2751026,0
126833,ff1010bird,0,0.73354524,0.2664548,0
16625,ff1010bird,1,0.93596375,0.064036265,0
68034,ff1010bird,0,0.9800132,0.019986795,0
76433,ff1010bird,0,0.8950342,0.104965724,0
191373,ff1010bird,0,0.98803526,0.011964705,0
160040,ff1010bird,0,0.9756875,0.02431254,0
55091,ff1010bird,0,0.9515159,0.04848412,0
187660,ff1010bird,1,0.0019560596,0.9980439,1
83106,ff1010bird,0,0.99383354,0.0061665107,0
66432,ff1010bird,0,0.94756776,0.052432254,0
24025,ff1010bird,0,0.9829087,0.017091269,0
64120,ff1010bird,0,0.94558096,0.054419015,0
103563,ff1010bird,0,0.267569,0.73243093,1
168894,ff1010bird,0,0.9682975,0.03170247,0
134972,ff1010bird,0,0.42388085,0.5761191,1
41981,ff1010bird,0,0.89288867,0.107111335,0
170835,ff1010bird,0,0.9282339,0.07176607,0
104519,ff1010bird,0,0.4762812,0.5237188,1
76437,ff1010bird,1,0.6491784,0.35082164,0
125812,ff1010bird,0,0.5152384,0.48476163,0
51691,ff1010bird,1,0.0012622024,0.99873775,1
18233,ff1010bird,1,0.016540311,0.98345965,1
29872,ff1010bird,1,0.27195328,0.7280467,1
9227,ff1010bird,0,0.50575787,0.49424216,0
82019,ff1010bird,1,0.47710276,0.5228973,1
186329,ff1010bird,1,0.9763564,0.02364361,0
72805,ff1010bird,0,0.95522094,0.044779055,0
189235,ff1010bird,0,0.98108083,0.018919133,0
141166,ff1010bird,0,0.9782874,0.02171256,0
155747,ff1010bird,1,0.8637007,0.13629931,0
42815,ff1010bird,0,0.78881055,0.21118946,0
155230,ff1010bird,0,0.9958545,0.0041455114,0
73368,ff1010bird,0,0.90426403,0.09573593,0
155297,ff1010bird,0,0.9099886,0.09001138,0
64168,ff1010bird,0,0.9808617,0.019138273,0
60638,ff1010bird,0,0.9988738,0.0011262327,0
100271,ff1010bird,0,0.04275917,0.9572409,1
110987,ff1010bird,1,0.9844381,0.015561825,0
71462,ff1010bird,0,0.63985133,0.3601487,0
184200,ff1010bird,1,0.45368832,0.5463117,1
170023,ff1010bird,0,0.28165638,0.71834356,1
87521,ff1010bird,0,0.999181,0.00081906805,0
130069,ff1010bird,0,0.98886895,0.011130995,0
165388,ff1010bird,0,0.9244989,0.07550114,0
69089,ff1010bird,0,0.9395403,0.060459632,0
59197,ff1010bird,0,0.996393,0.0036069413,0
79265,ff1010bird,0,0.92327094,0.07672905,0
121377,ff1010bird,0,0.99720603,0.0027939728,0
53590,ff1010bird,1,0.024519134,0.9754809,1
25525,ff1010bird,0,0.9946544,0.005345598,0
62312,ff1010bird,0,0.85199594,0.14800407,0
62856,ff1010bird,0,0.88886136,0.111138664,0
77789,ff1010bird,0,0.9954365,0.0045635113,0
117521,ff1010bird,0,0.9918249,0.008175126,0
127191,ff1010bird,1,0.91073126,0.08926875,0
81110,ff1010bird,0,0.80969644,0.19030355,0
9223,ff1010bird,0,0.97065365,0.029346334,0
61077,ff1010bird,0,0.28092682,0.7190732,1
161503,ff1010bird,0,0.83711296,0.16288698,0
138243,ff1010bird,0,0.7056063,0.29439372,0
119175,ff1010bird,0,0.8546698,0.14533018,0
42914,ff1010bird,0,0.9849717,0.015028351,0
37908,ff1010bird,0,0.876878,0.12312201,0
146698,ff1010bird,0,0.98648053,0.013519487,0
86940,ff1010bird,0,0.9307864,0.06921362,0
34652,ff1010bird,0,0.911002,0.08899809,0
74926,ff1010bird,0,0.9779594,0.022040661,0
177860,ff1010bird,0,0.9472744,0.052725594,0
141175,ff1010bird,0,0.9233187,0.076681264,0
75167,ff1010bird,1,0.014879249,0.9851208,1
38290,ff1010bird,0,0.97256494,0.027435109,0
104756,ff1010bird,1,0.058822658,0.9411773,1
30838,ff1010bird,0,0.98583823,0.014161751,0
191741,ff1010bird,0,0.9462852,0.053714845,0
113338,ff1010bird,0,0.99577063,0.0042293053,0
109092,ff1010bird,0,0.95584464,0.04415543,0
9224,ff1010bird,0,0.996824,0.003176037,0
80792,ff1010bird,0,0.96931636,0.030683665,0
65813,ff1010bird,1,0.93802714,0.061972816,0
156036,ff1010bird,0,0.9642823,0.0357177,0
86750,ff1010bird,0,0.9669016,0.033098444,0
45904,ff1010bird,1,0.86554754,0.13445242,0
50884,ff1010bird,1,0.020427734,0.97957224,1
77916,ff1010bird,0,0.9888427,0.011157279,0
86647,ff1010bird,0,0.9867769,0.013223083,0
127359,ff1010bird,0,0.90872985,0.09127011,0
117103,ff1010bird,1,0.2254507,0.77454937,1
126838,ff1010bird,0,0.77390635,0.22609368,0
77915,ff1010bird,0,0.83291024,0.16708976,0
147636,ff1010bird,0,0.90248585,0.09751408,0
38938,ff1010bird,0,0.8015808,0.19841921,0
172649,ff1010bird,0,0.9819651,0.01803482,0
91909,ff1010bird,1,0.9781668,0.02183318,0
9235,ff1010bird,1,0.27151865,0.72848135,1
155638,ff1010bird,0,0.9642219,0.03577812,0
56368,ff1010bird,0,0.80479264,0.19520734,0
22950,ff1010bird,0,0.9602197,0.039780293,0
91746,ff1010bird,0,0.75911677,0.24088316,0
100388,ff1010bird,0,0.89389163,0.106108345,0
89440,ff1010bird,1,0.048708666,0.9512914,1
157513,ff1010bird,0,0.960083,0.039917022,0
115533,ff1010bird,0,0.98303264,0.016967358,0
15349,ff1010bird,0,0.7670936,0.23290639,0
80710,ff1010bird,1,0.22398402,0.776016,1
107610,ff1010bird,0,0.98915416,0.010845864,0
75306,ff1010bird,0,0.9748702,0.025129838,0
127843,ff1010bird,0,0.94414604,0.055853955,0
125229,ff1010bird,0,0.770361,0.22963898,0
127237,ff1010bird,0,0.99530303,0.0046969387,0
69761,ff1010bird,1,0.95979923,0.04020072,0
26911,ff1010bird,0,0.9768861,0.02311389,0
132992,ff1010bird,0,0.9551086,0.044891413,0
188089,ff1010bird,0,0.995943,0.004056976,0
54809,ff1010bird,0,0.6765719,0.32342812,0
104937,ff1010bird,1,0.010367677,0.98963225,1
169024,ff1010bird,1,0.00588016,0.9941199,1
90359,ff1010bird,0,0.9615764,0.038423546,0
174093,ff1010bird,0,0.9260129,0.07398712,0
127244,ff1010bird,0,0.9638093,0.03619065,0
194801,ff1010bird,0,0.9419095,0.058090582,0
56418,ff1010bird,0,0.9567874,0.04321252,0
118136,ff1010bird,0,0.9603879,0.03961208,0
155049,ff1010bird,0,0.90234,0.09766005,0
105395,ff1010bird,1,0.98862237,0.011377622,0
20384,ff1010bird,0,0.9896596,0.0103403935,0
127341,ff1010bird,0,0.9799049,0.02009513,0
78793,ff1010bird,0,0.7908723,0.20912775,0
80703,ff1010bird,1,0.014012425,0.9859876,1
117668,ff1010bird,0,0.98178023,0.018219752,0
53797,ff1010bird,0,0.9837466,0.016253404,0
166698,ff1010bird,0,0.9681862,0.031813823,0
161519,ff1010bird,0,0.9623009,0.037699074,0
146843,ff1010bird,0,0.95739317,0.042606883,0
179604,ff1010bird,0,0.91428584,0.085714236,0
135834,ff1010bird,1,0.057094626,0.9429054,1
140797,ff1010bird,0,0.9271213,0.07287877,0
126853,ff1010bird,0,0.807283,0.19271703,0
133086,ff1010bird,0,0.83559835,0.16440159,0
17080,ff1010bird,0,0.95355237,0.04644766,0
42915,ff1010bird,1,0.9442815,0.055718455,0
57604,ff1010bird,0,0.39269233,0.6073076,1
103562,ff1010bird,0,0.9918888,0.008111233,0
127210,ff1010bird,0,0.92660534,0.073394656,0
152039,ff1010bird,0,0.9854527,0.014547249,0
139094,ff1010bird,0,0.77624613,0.22375381,0
169093,ff1010bird,0,0.9342308,0.065769225,0
56948,ff1010bird,0,0.90408856,0.095911436,0
190037,ff1010bird,1,0.20255393,0.7974461,1
73386,ff1010bird,1,0.98171383,0.018286213,0
56909,ff1010bird,0,0.93207353,0.06792646,0
145522,ff1010bird,0,0.9866839,0.013316073,0
80794,ff1010bird,0,0.99052864,0.009471279,0
108605,ff1010bird,0,0.9815599,0.018440101,0
126827,ff1010bird,0,0.8450491,0.15495092,0
86756,ff1010bird,0,0.969072,0.030927975,0
156191,ff1010bird,0,0.9728315,0.027168551,0
155286,ff1010bird,0,0.96965283,0.030347139,0
139096,ff1010bird,0,0.73041236,0.2695876,0
114492,ff1010bird,0,0.78539354,0.21460639,0
107608,ff1010bird,1,0.00659087,0.99340916,1
111022,ff1010bird,1,0.9875529,0.012447109,0
66644,ff1010bird,1,0.1536619,0.8463381,1
52871,ff1010bird,0,0.9157836,0.08421643,0
82266,ff1010bird,0,0.99327,0.006729982,0
146436,ff1010bird,0,0.72782046,0.27217957,0
186338,ff1010bird,0,0.97290933,0.027090736,0
195090,ff1010bird,1,0.96903974,0.030960262,0
26975,ff1010bird,1,0.11022083,0.88977915,1
128704,ff1010bird,0,0.93121135,0.06878866,0
63747,ff1010bird,0,0.8714133,0.12858665,0
17153,ff1010bird,0,0.947025,0.052974973,0
55495,ff1010bird,0,0.96979403,0.030205961,0
77467,ff1010bird,0,0.9523915,0.04760849,0
9228,ff1010bird,0,0.9292308,0.0707692,0
169157,ff1010bird,0,0.980773,0.019227002,0
166261,ff1010bird,0,0.82623583,0.17376412,0
150408,ff1010bird,0,0.32152954,0.67847043,1
58173,ff1010bird,0,0.96505815,0.034941826,0
157822,ff1010bird,0,0.99501556,0.004984393,0
40827,ff1010bird,1,0.014096054,0.9859039,1
40973,ff1010bird,0,0.98257095,0.01742903,0
78779,ff1010bird,0,0.5105404,0.48945954,0
148814,ff1010bird,0,0.988643,0.011357045,0
19033,ff1010bird,0,0.9615264,0.038473632,0
27580,ff1010bird,0,0.9020586,0.09794138,0
176137,ff1010bird,0,0.6834044,0.3165956,0
101322,ff1010bird,0,0.6228558,0.37714425,0
102852,ff1010bird,0,0.96980596,0.030194039,0
138466,ff1010bird,0,0.978292,0.021708095,0
95488,ff1010bird,1,0.1870725,0.81292754,1
176124,ff1010bird,0,0.1193315,0.8806685,1
17056,ff1010bird,0,0.8669635,0.13303648,0
48159,ff1010bird,0,0.99656063,0.0034393948,0
38561,ff1010bird,1,0.5398659,0.46013406,0
65269,ff1010bird,0,0.87894636,0.121053584,0
46237,ff1010bird,0,0.98772603,0.012273998,0
184199,ff1010bird,1,0.7383186,0.26168138,0
155097,ff1010bird,0,0.7991892,0.20081083,0
141179,ff1010bird,0,0.9957793,0.004220743,0
127246,ff1010bird,0,0.77889955,0.22110045,0
145092,ff1010bird,1,0.8752326,0.124767385,0
173444,ff1010bird,1,0.8786742,0.12132572,0
102076,ff1010bird,1,0.8837701,0.11622992,0
26906,ff1010bird,0,0.8952178,0.10478223,0
147932,ff1010bird,0,0.97910017,0.020899856,0
164373,ff1010bird,0,0.96427643,0.03572363,0
65673,ff1010bird,0,0.827432,0.17256802,0
154918,ff1010bird,0,0.99467695,0.0053230557,0
91758,ff1010bird,0,0.918135,0.08186503,0
109155,ff1010bird,0,0.9165002,0.083499834,0
164182,ff1010bird,0,0.9994123,0.0005877424,0
38756,ff1010bird,0,0.97215647,0.027843498,0
21894,ff1010bird,0,0.9854984,0.014501528,0
98940,ff1010bird,1,0.12664397,0.873356,1
93055,ff1010bird,0,0.92588943,0.07411062,0
168049,ff1010bird,0,0.722051,0.27794895,0
35289,ff1010bird,0,0.98579246,0.014207531,0
62511,ff1010bird,0,0.45874217,0.5412578,1
172780,ff1010bird,1,0.8940672,0.10593274,0
180050,ff1010bird,0,0.9600502,0.03994971,0
120948,ff1010bird,1,0.040358327,0.9596417,1
67828,ff1010bird,0,0.7866182,0.21338177,0
49852,ff1010bird,0,0.85467625,0.14532377,0
17058,ff1010bird,0,0.9694268,0.030573202,0
38278,ff1010bird,0,0.773653,0.22634703,0
93663,ff1010bird,0,0.98812443,0.011875639,0
117807,ff1010bird,0,0.97120756,0.028792458,0
55113,ff1010bird,0,0.21932182,0.78067815,1
32491,ff1010bird,0,0.9957705,0.00422943,0
168055,ff1010bird,0,0.8669416,0.13305847,0
3180,ff1010bird,1,0.4606352,0.5393648,1
54919,ff1010bird,1,0.025384389,0.9746156,1
99437,ff1010bird,0,0.77331877,0.22668119,0
185762,ff1010bird,0,0.99824333,0.0017566626,0
120380,ff1010bird,1,0.5873591,0.412641,0
55442,ff1010bird,0,0.95897865,0.04102143,0
53939,ff1010bird,0,0.9585938,0.041406292,0
187595,ff1010bird,1,0.09748482,0.9025152,1
57581,ff1010bird,0,0.95833194,0.041668035,0
167357,ff1010bird,0,0.9535504,0.04644954,0
167374,ff1010bird,1,0.20698509,0.79301494,1
101236,ff1010bird,1,0.91531485,0.084685184,0
107213,ff1010bird,0,0.98785186,0.012148074,0
184196,ff1010bird,1,0.5958012,0.40419883,0
113469,ff1010bird,0,0.9688797,0.031120315,0
90360,ff1010bird,0,0.9374525,0.062547535,0
147678,ff1010bird,0,0.9891587,0.010841292,0
162686,ff1010bird,0,0.60875833,0.39124164,0
78491,ff1010bird,0,0.9454445,0.054555405,0
168810,ff1010bird,0,0.99453956,0.0054603983,0
58948,ff1010bird,0,0.9884211,0.011578962,0
137072,ff1010bird,1,0.91616,0.08384009,0
169860,ff1010bird,0,0.96695584,0.03304411,0
69090,ff1010bird,1,0.8004343,0.19956574,0
127289,ff1010bird,0,0.93152523,0.068474844,0
123144,ff1010bird,1,0.95294046,0.04705956,0
190958,ff1010bird,1,0.026012665,0.97398734,1
3191,ff1010bird,1,0.55495316,0.44504684,0
62277,ff1010bird,1,0.12715916,0.8728408,1
17857,ff1010bird,0,0.987856,0.012144081,0
13777,ff1010bird,1,0.95808893,0.04191112,0
127438,ff1010bird,1,0.93345153,0.06654843,0
154812,ff1010bird,0,0.91693276,0.08306721,0
194844,ff1010bird,0,0.79323065,0.20676935,0
71706,ff1010bird,1,0.017122904,0.9828771,1
56639,ff1010bird,0,0.9663146,0.03368537,0
58236,ff1010bird,0,0.7339457,0.26605424,0
160241,ff1010bird,0,0.96843797,0.031561986,0
9221,ff1010bird,0,0.55548424,0.44451576,0
153126,ff1010bird,0,0.9908064,0.009193563,0
167896,ff1010bird,0,0.9936208,0.006379144,0
80705,ff1010bird,1,0.024352811,0.9756472,1
40828,ff1010bird,1,0.015776208,0.9842238,1
111017,ff1010bird,1,0.49103624,0.5089638,1
159512,ff1010bird,0,0.96995443,0.030045636,0
47885,ff1010bird,0,0.9896207,0.010379318,0
124693,ff1010bird,0,0.8805311,0.11946892,0
126042,ff1010bird,0,0.9915446,0.008455416,0
63802,ff1010bird,0,0.9922908,0.00770919,0
18929,ff1010bird,1,0.038839895,0.96116006,1
147602,ff1010bird,0,0.96318984,0.03681019,0
123344,ff1010bird,0,0.98250026,0.017499777,0
22518,ff1010bird,0,0.98330635,0.016693687,0
139981,ff1010bird,0,0.96982265,0.030177386,0
77657,ff1010bird,0,0.45067838,0.5493216,1
152907,ff1010bird,0,0.976014,0.023985956,0
148314,ff1010bird,1,0.79346997,0.20653002,0
145531,ff1010bird,0,0.8814147,0.11858525,0
90345,ff1010bird,0,0.9345798,0.065420225,0
55225,ff1010bird,1,0.9175118,0.08248811,0
43722,ff1010bird,1,0.41715595,0.582844,1
102113,ff1010bird,0,0.9943926,0.0056074327,0
178825,ff1010bird,0,0.84119105,0.1588089,0
115409,ff1010bird,1,0.8897293,0.11027074,0
138160,ff1010bird,0,0.95311284,0.046887163,0
191991,ff1010bird,1,0.8469427,0.15305723,0
20785,ff1010bird,0,0.997738,0.0022619772,0
161345,ff1010bird,0,0.98238003,0.017619906,0
107518,ff1010bird,0,0.8330801,0.16691984,0
161878,ff1010bird,0,0.9864065,0.013593461,0
179606,ff1010bird,0,0.99186933,0.008130683,0
132534,ff1010bird,0,0.9740123,0.025987694,0
73355,ff1010bird,0,0.9932079,0.0067920736,0
169159,ff1010bird,0,0.8646619,0.13533808,0
86930,ff1010bird,0,0.9962923,0.003707656,0
180618,ff1010bird,0,0.9782135,0.021786487,0
155131,ff1010bird,0,0.97888595,0.021114033,0
184217,ff1010bird,1,0.07363899,0.92636096,1
144019,ff1010bird,1,0.9412487,0.058751315,0
80709,ff1010bird,0,0.9643489,0.035651065,0
63724,ff1010bird,0,0.90700334,0.09299672,0
51725,ff1010bird,1,0.7734559,0.22654413,0
23454,ff1010bird,0,0.9841945,0.015805442,0
177437,ff1010bird,1,0.24163021,0.7583698,1
132984,ff1010bird,0,0.9292556,0.070744365,0
1042,ff1010bird,0,0.82498336,0.17501666,0
110912,ff1010bird,0,0.90806323,0.09193685,0
62279,ff1010bird,0,0.9481242,0.05187583,0
164829,ff1010bird,0,0.9283601,0.07163986,0
78796,ff1010bird,1,0.9283987,0.071601294,0
79120,ff1010bird,0,0.99668807,0.0033119535,0
98154,ff1010bird,1,0.3144373,0.6855627,1
113352,ff1010bird,0,0.98941725,0.010582784,0
65751,ff1010bird,0,0.95414215,0.045857847,0
69339,ff1010bird,0,0.98909634,0.010903726,0
75969,ff1010bird,1,0.03997038,0.9600296,1
63709,ff1010bird,0,0.96654004,0.03345991,0
31487,ff1010bird,0,0.7174937,0.28250632,0
184230,ff1010bird,0,0.92736334,0.07263664,0
72017,ff1010bird,0,0.9989182,0.0010818038,0
166204,ff1010bird,0,0.94739705,0.052602936,0
69203,ff1010bird,0,0.9775173,0.022482619,0
173889,ff1010bird,1,0.9857113,0.014288756,0
124680,ff1010bird,0,0.82831603,0.17168403,0
28775,ff1010bird,0,0.9552953,0.044704605,0
111949,ff1010bird,0,0.9056492,0.09435087,0
40836,ff1010bird,1,0.00584542,0.99415463,1
187003,ff1010bird,0,0.94050324,0.059496798,0
55171,ff1010bird,1,0.8935394,0.10646058,0
155263,ff1010bird,0,0.68874013,0.31125993,0
150888,ff1010bird,1,0.65723455,0.3427654,0
186094,ff1010bird,1,0.007490029,0.99250996,1
101320,ff1010bird,0,0.8998972,0.10010274,0
156035,ff1010bird,0,0.9653688,0.03463118,0
80788,ff1010bird,0,0.8995979,0.10040208,0
44052,ff1010bird,0,0.98486996,0.015130016,0
73748,ff1010bird,0,0.997416,0.0025839303,0
124603,ff1010bird,0,0.95405245,0.045947623,0
149976,ff1010bird,1,0.6141886,0.38581142,0
78795,ff1010bird,1,0.42005807,0.5799419,1
51689,ff1010bird,1,0.765998,0.23400195,0
174644,ff1010bird,0,0.98557633,0.014423591,0
177605,ff1010bird,1,0.93130535,0.06869468,0
65676,ff1010bird,0,0.8639083,0.1360917,0
54940,ff1010bird,0,0.89781106,0.10218893,0
18515,ff1010bird,1,0.38157117,0.6184289,1
189856,ff1010bird,0,0.99128485,0.008715166,0
169077,ff1010bird,1,0.8721982,0.12780176,0
145082,ff1010bird,1,0.11018349,0.8898165,1
104603,ff1010bird,0,0.9157925,0.08420746,0
121573,ff1010bird,0,0.98437446,0.015625559,0
7541,ff1010bird,0,0.97630626,0.023693763,0
178485,ff1010bird,1,0.7314205,0.26857945,0
76370,ff1010bird,0,0.5495477,0.45045233,0
57912,ff1010bird,1,0.07473349,0.92526656,1
50378,ff1010bird,1,0.9369093,0.06309068,0
48653,ff1010bird,0,0.7699564,0.2300436,0
172455,ff1010bird,0,0.97485954,0.02514041,0
191091,ff1010bird,0,0.72232306,0.2776769,0
15474,ff1010bird,0,0.96358323,0.036416736,0
160514,ff1010bird,1,0.95618707,0.043812912,0
58647,ff1010bird,0,0.99886036,0.0011396842,0
71829,ff1010bird,1,0.030632373,0.9693676,1
87943,ff1010bird,0,0.9790941,0.020905862,0
64163,ff1010bird,0,0.98296654,0.017033417,0
93650,ff1010bird,0,0.98030716,0.01969283,0
61048,ff1010bird,1,0.0019103686,0.9980896,1
126760,ff1010bird,0,0.9827388,0.017261218,0
28776,ff1010bird,1,0.9841525,0.015847474,0
39729,ff1010bird,0,0.8302498,0.16975026,0
140707,ff1010bird,1,0.13550377,0.86449623,1
178857,ff1010bird,0,0.98267835,0.017321689,0
184221,ff1010bird,0,0.89558053,0.104419515,0
178828,ff1010bird,0,0.99335504,0.0066449293,0
77780,ff1010bird,0,0.9356175,0.06438245,0
39731,ff1010bird,0,0.61210924,0.38789073,0
162717,ff1010bird,0,0.8933553,0.10664475,0
56958,ff1010bird,0,0.7674951,0.23250493,0
159695,ff1010bird,0,0.9927221,0.007277928,0
169091,ff1010bird,0,0.7610247,0.23897533,0
185122,ff1010bird,0,0.9952828,0.004717147,0
56877,ff1010bird,0,0.968874,0.031126002,0
378,ff1010bird,1,0.7024273,0.2975726,0
94631,ff1010bird,0,0.85272646,0.14727357,0
87520,ff1010bird,0,0.9982345,0.0017654096,0
169031,ff1010bird,1,0.97982603,0.020174025,0
158595,ff1010bird,0,0.9730723,0.02692773,0
7972,ff1010bird,0,0.5813612,0.41863886,0
55857,ff1010bird,0,0.6409508,0.35904914,0
56908,ff1010bird,0,0.99019706,0.009802918,0
127293,ff1010bird,0,0.9591474,0.04085263,0
179602,ff1010bird,0,0.9287189,0.07128106,0
86961,ff1010bird,0,0.95029,0.04971005,0
150328,ff1010bird,0,0.87255365,0.12744635,0
55659,ff1010bird,0,0.9372846,0.06271545,0
156945,ff1010bird,1,0.11018908,0.8898109,1
157863,ff1010bird,1,0.97835994,0.021639992,0
3178,ff1010bird,0,0.74812657,0.2518734,0
104488,ff1010bird,0,0.99039745,0.009602603,0
135122,ff1010bird,1,0.025940761,0.9740592,1
104482,ff1010bird,1,0.810815,0.18918504,0
76273,ff1010bird,0,0.8590222,0.14097777,0
86747,ff1010bird,1,0.80347717,0.19652285,0
157294,ff1010bird,0,0.9915794,0.0084206555,0
176247,ff1010bird,0,0.924792,0.07520799,0
180544,ff1010bird,1,0.44230714,0.5576929,1
111395,ff1010bird,0,0.9495065,0.050493453,0
188955,ff1010bird,0,0.9539374,0.0460626,0
133747,ff1010bird,0,0.96742254,0.032577436,0
147936,ff1010bird,0,0.9904778,0.00952222,0
64208,ff1010bird,0,0.6012174,0.39878264,0
65266,ff1010bird,1,0.8281902,0.17180982,0
81058,ff1010bird,0,0.930333,0.06966699,0
156146,ff1010bird,0,0.96679157,0.033208415,0
157862,ff1010bird,0,0.95901954,0.040980507,0
21091,ff1010bird,1,0.7129434,0.28705665,0
134700,ff1010bird,0,0.9308953,0.069104694,0
46938,ff1010bird,0,0.9709981,0.029001893,0
149352,ff1010bird,1,0.62763727,0.37236276,0
120806,ff1010bird,0,0.61618537,0.38381466,0
60858,ff1010bird,0,0.98842794,0.011572021,0
127456,ff1010bird,0,0.78584576,0.21415421,0
157864,ff1010bird,0,0.9775227,0.022477275,0
7885,ff1010bird,0,0.99621874,0.0037812483,0
57050,ff1010bird,0,0.91860914,0.081390925,0
16990,ff1010bird,0,0.9771678,0.022832235,0
126850,ff1010bird,0,0.87065166,0.12934832,0
73752,ff1010bird,0,0.46689543,0.53310454,1
111948,ff1010bird,0,0.9317089,0.06829111,0
128616,ff1010bird,0,0.97567695,0.024323003,0
42802,ff1010bird,0,0.8022944,0.19770561,0
74384,ff1010bird,0,0.9497084,0.050291605,0
91754,ff1010bird,0,0.9884437,0.011556291,0
80712,ff1010bird,1,0.018321455,0.98167855,1
61027,ff1010bird,0,0.9703948,0.029605249,0
82265,ff1010bird,0,0.9182237,0.08177627,0
32330,ff1010bird,1,0.3531091,0.6468909,1
61986,ff1010bird,0,0.98921555,0.010784455,0
91269,ff1010bird,1,0.024877992,0.97512203,1
173898,ff1010bird,0,0.98425746,0.015742464,0
124491,ff1010bird,1,0.8736129,0.1263871,0
149186,ff1010bird,0,0.98844075,0.011559305,0
155229,ff1010bird,1,0.5997758,0.40022427,0
188687,ff1010bird,0,0.9583965,0.04160344,0
162729,ff1010bird,0,0.7847016,0.21529841,0
128446,ff1010bird,0,0.96786445,0.03213553,0
155231,ff1010bird,1,0.99132323,0.008676703,0
47360,ff1010bird,0,0.9732078,0.026792223,0
38647,ff1010bird,0,0.70833856,0.29166144,0
53431,ff1010bird,1,0.76544094,0.23455909,0
93756,ff1010bird,1,0.05915057,0.9408494,1
91759,ff1010bird,1,0.9325949,0.067405134,0
182543,ff1010bird,1,0.093761094,0.9062389,1
173098,ff1010bird,0,0.9804677,0.01953227,0
147931,ff1010bird,0,0.58827734,0.4117227,0
146203,ff1010bird,0,0.96500325,0.03499681,0
71694,ff1010bird,0,0.95806015,0.041939892,0
44207,ff1010bird,1,0.9350161,0.06498391,0
178022,ff1010bird,0,0.8407523,0.15924768,0
20693,ff1010bird,0,0.9827377,0.017262278,0
18231,ff1010bird,1,0.39904058,0.6009595,1
55115,ff1010bird,1,0.6376457,0.36235434,0
14522,ff1010bird,0,0.9588472,0.041152775,0
181398,ff1010bird,1,0.6964795,0.30352053,0
177190,ff1010bird,0,0.72515327,0.27484676,0
139100,ff1010bird,0,0.92733765,0.072662406,0
165185,ff1010bird,0,0.88886315,0.111136824,0
66594,ff1010bird,1,0.94612116,0.053878877,0
65281,ff1010bird,0,0.92754483,0.072455145,0
160004,ff1010bird,0,0.9881092,0.011890839,0
38731,ff1010bird,0,0.97264975,0.027350204,0
29639,ff1010bird,0,0.99690163,0.0030984476,0
180174,ff1010bird,0,0.98715717,0.012842851,0
20049,ff1010bird,0,0.9570043,0.042995717,0
180530,ff1010bird,0,0.9967217,0.0032783302,0
72234,ff1010bird,1,0.00950726,0.99049276,1
122998,ff1010bird,1,0.09914478,0.90085524,1
42799,ff1010bird,0,0.63836586,0.36163414,0
74216,ff1010bird,0,0.9438186,0.05618135,0
157883,ff1010bird,0,0.99335104,0.0066490066,0
46967,ff1010bird,0,0.64297926,0.3570207,0
46874,ff1010bird,0,0.9276184,0.07238161,0
91908,ff1010bird,1,0.96176547,0.038234465,0
33447,ff1010bird,0,0.8591907,0.14080925,0
40723,ff1010bird,0,0.9583126,0.04168745,0
157195,ff1010bird,1,0.026912915,0.9730871,1
172451,ff1010bird,0,0.9475594,0.052440632,0
26268,ff1010bird,0,0.99715984,0.002840122,0
130089,ff1010bird,0,0.23631857,0.7636814,1
123703,ff1010bird,0,0.8237777,0.17622232,0
81872,ff1010bird,0,0.998278,0.0017219645,0
160519,ff1010bird,0,0.98717624,0.012823731,0
155382,ff1010bird,1,0.39196238,0.6080376,1
86966,ff1010bird,0,0.9868634,0.013136642,0
56293,ff1010bird,1,0.011227036,0.9887729,1
62065,ff1010bird,0,0.9933247,0.006675273,0
63722,ff1010bird,0,0.9015962,0.09840384,0
160910,ff1010bird,0,0.9823323,0.017667687,0
174043,ff1010bird,0,0.9969024,0.0030975596,0
24967,ff1010bird,1,0.9675519,0.03244808,0
59728,ff1010bird,0,0.46300045,0.5369995,1
178423,ff1010bird,0,0.9573664,0.042633664,0
58240,ff1010bird,0,0.91612995,0.08387002,0
156043,ff1010bird,0,0.8790663,0.1209337,0
60074,ff1010bird,0,0.7650623,0.2349377,0
61028,ff1010bird,0,0.9018142,0.0981858,0
102934,ff1010bird,0,0.9992318,0.0007682439,0
124600,ff1010bird,0,0.960276,0.039723985,0
59726,ff1010bird,1,0.06257483,0.93742514,1
49851,ff1010bird,0,0.97015107,0.029848944,0
86642,ff1010bird,0,0.96420413,0.03579584,0
167104,ff1010bird,0,0.9766707,0.023329303,0
162711,ff1010bird,0,0.9995701,0.00042993284,0
73112,ff1010bird,0,0.996932,0.0030679787,0
127800,ff1010bird,0,0.9841989,0.015801074,0
57049,ff1010bird,0,0.92164093,0.07835912,0
153407,ff1010bird,0,0.9189304,0.081069574,0
9226,ff1010bird,0,0.9718593,0.028140726,0
66011,ff1010bird,0,0.91103685,0.08896314,0
86746,ff1010bird,0,0.9980855,0.0019145336,0
38683,ff1010bird,0,0.91368544,0.08631454,0
64207,ff1010bird,0,0.99830985,0.0016901933,0
7886,ff1010bird,0,0.96645623,0.033543732,0
155126,ff1010bird,0,0.84870845,0.15129156,0
81484,ff1010bird,0,0.97945786,0.020542106,0
104124,ff1010bird,0,0.97817665,0.021823395,0
166481,ff1010bird,0,0.98793334,0.012066704,0
54754,ff1010bird,0,0.96930784,0.030692123,0
21891,ff1010bird,0,0.6084318,0.39156818,0
91747,ff1010bird,0,0.9684146,0.031585407,0
69006,ff1010bird,1,0.99537224,0.0046277936,0
171019,ff1010bird,0,0.9381707,0.061829317,0
63723,ff1010bird,0,0.93992144,0.060078517,0
184207,ff1010bird,1,0.0024626555,0.9975374,1
169282,ff1010bird,0,0.9465715,0.053428456,0
168057,ff1010bird,0,0.973826,0.026173988,0
11692,ff1010bird,0,0.9944675,0.005532533,0
155383,ff1010bird,0,0.93190765,0.068092294,0
75097,ff1010bird,0,0.9145161,0.08548392,0
170426,ff1010bird,0,0.93948466,0.060515344,0
150042,ff1010bird,1,0.02622034,0.9737796,1
87307,ff1010bird,1,0.49958417,0.5004158,1
138040,ff1010bird,1,0.824058,0.17594203,0
161605,ff1010bird,0,0.98825574,0.011744274,0
91760,ff1010bird,0,0.9958925,0.004107406,0
32331,ff1010bird,1,0.07469961,0.9253004,1
55125,ff1010bird,0,0.9930888,0.006911211,0
128239,ff1010bird,0,0.9771016,0.022898389,0
126831,ff1010bird,0,0.9602742,0.039725747,0
17546,ff1010bird,0,0.92017835,0.07982167,0
57147,ff1010bird,0,0.99024045,0.0097595975,0
62258,ff1010bird,0,0.9826481,0.017351914,0
56294,ff1010bird,0,0.8542809,0.14571907,0
50055,ff1010bird,0,0.9950493,0.0049506743,0
105273,ff1010bird,0,0.9247776,0.07522232,0
75860,ff1010bird,0,0.9612544,0.038745575,0
195529,ff1010bird,0,0.9760233,0.023976749,0
93653,ff1010bird,0,0.97385526,0.026144788,0
40823,ff1010bird,1,0.0060159015,0.99398416,1
156653,ff1010bird,0,0.8836518,0.11634818,0
11686,ff1010bird,0,0.9909781,0.009021904,0
109376,ff1010bird,0,0.845888,0.15411197,0
125558,ff1010bird,0,0.8925553,0.10744465,0
104287,ff1010bird,0,0.81683326,0.18316679,0
107607,ff1010bird,0,0.85584617,0.14415379,0
104936,ff1010bird,0,0.9968618,0.0031381857,0
162223,ff1010bird,0,0.8454782,0.15452181,0
64144,ff1010bird,1,0.9538289,0.046171125,0
155264,ff1010bird,0,0.7346747,0.26532528,0
54045,ff1010bird,1,0.007962959,0.99203706,1
145472,ff1010bird,0,0.996108,0.0038919875,0
56747,ff1010bird,0,0.98537457,0.01462546,0
110689,ff1010bird,1,0.8479249,0.15207516,0
65337,ff1010bird,0,0.88137895,0.118621,0
144070,ff1010bird,0,0.9944707,0.005529296,0
64544,ff1010bird,1,0.5732039,0.42679602,0
52779,ff1010bird,1,0.6082056,0.39179438,0
7993,ff1010bird,0,0.9672756,0.032724373,0
64186,ff1010bird,0,0.9860242,0.013975764,0
54187,ff1010bird,0,0.93103164,0.068968356,0
149254,ff1010bird,0,0.89783895,0.10216104,0
54578,ff1010bird,1,0.044402257,0.95559776,1
23257,ff1010bird,0,0.9717594,0.028240582,0
16371,ff1010bird,0,0.4387901,0.5612099,1
162627,ff1010bird,0,0.90761656,0.09238343,0
140821,ff1010bird,0,0.9805822,0.019417793,0
74946,ff1010bird,1,0.49947444,0.50052553,1
26912,ff1010bird,1,0.2180555,0.78194445,1
66599,ff1010bird,0,0.6798928,0.32010725,0
151774,ff1010bird,1,0.74406725,0.2559328,0
105219,ff1010bird,0,0.99419326,0.005806781,0
158597,ff1010bird,1,0.25223014,0.7477699,1
99085,ff1010bird,0,0.7113006,0.2886994,0
86960,ff1010bird,0,0.99407285,0.005927103,0
149929,ff1010bird,0,0.96185416,0.03814586,0
164179,ff1010bird,0,0.9574396,0.042560436,0
61630,ff1010bird,0,0.9780912,0.021908786,0
37798,ff1010bird,1,0.021203201,0.97879684,1
64468,ff1010bird,0,0.9804261,0.019573964,0
114629,ff1010bird,0,0.96534914,0.03465086,0
47651,ff1010bird,0,0.93984276,0.060157217,0
44078,ff1010bird,0,0.97685504,0.023144934,0
46236,ff1010bird,1,0.011697644,0.9883024,1
17076,ff1010bird,0,0.989611,0.010389031,0
69315,ff1010bird,0,0.9374728,0.0625272,0
78500,ff1010bird,0,0.9765465,0.023453517,0
126840,ff1010bird,0,0.9623067,0.03769333,0
41740,ff1010bird,0,0.99911445,0.0008855458,0
57665,ff1010bird,1,0.96937615,0.03062382,0
15851,ff1010bird,0,0.8086956,0.19130437,0
38394,ff1010bird,0,0.9987362,0.0012637959,0
33314,ff1010bird,0,0.98784584,0.012154118,0
86771,ff1010bird,0,0.9928763,0.0071236943,0
47702,ff1010bird,0,0.99270743,0.007292598,0
65993,ff1010bird,0,0.9917856,0.008214349,0
63220,ff1010bird,1,0.60550165,0.3944983,0
29932,ff1010bird,0,0.987329,0.012670949,0
95344,ff1010bird,0,0.9972855,0.0027145592,0
165112,ff1010bird,0,0.97207123,0.02792882,0
111947,ff1010bird,0,0.9947955,0.0052044694,0
52184,ff1010bird,1,0.02604873,0.9739512,1
64610,ff1010bird,0,0.85646105,0.14353889,0
176029,ff1010bird,1,0.002516645,0.99748343,1
108042,ff1010bird,0,0.9697119,0.030288097,0
46903,ff1010bird,0,0.96144813,0.03855193,0
161980,ff1010bird,1,0.7641848,0.23581529,0
25908,ff1010bird,0,0.9058251,0.09417487,0
189849,ff1010bird,0,0.9619692,0.038030792,0
158603,ff1010bird,0,0.99455076,0.0054491996,0
20193,ff1010bird,1,0.016404632,0.9835954,1
100181,ff1010bird,0,0.857003,0.14299707,0
48158,ff1010bird,0,0.96234906,0.037650995,0
73182,ff1010bird,0,0.9930333,0.006966737,0
36737,ff1010bird,0,0.97699136,0.023008604,0
81862,ff1010bird,1,0.16760767,0.8323923,1
162734,ff1010bird,0,0.9706644,0.029335553,0
75098,ff1010bird,0,0.882546,0.11745401,0
45486,ff1010bird,0,0.973082,0.02691805,0
72212,ff1010bird,0,0.9044597,0.0955403,0
127590,ff1010bird,0,0.8723821,0.12761791,0
132936,ff1010bird,0,0.9724691,0.027530948,0
191738,ff1010bird,1,0.19789046,0.8021096,1
140823,ff1010bird,0,0.9577858,0.042214185,0
120823,ff1010bird,1,0.20425946,0.79574054,1
38883,ff1010bird,0,0.997624,0.0023760726,0
187829,ff1010bird,1,0.03664362,0.96335644,1
160566,ff1010bird,0,0.9428322,0.057167802,0
38559,ff1010bird,1,0.7809323,0.2190677,0
116090,ff1010bird,0,0.8479729,0.15202701,0
86733,ff1010bird,0,0.96365,0.036349997,0
127250,ff1010bird,0,0.96808606,0.031913955,0
98648,ff1010bird,1,0.21264108,0.78735894,1
122185,ff1010bird,0,0.8222571,0.17774288,0
162721,ff1010bird,0,0.98731923,0.0126807,0
187776,ff1010bird,0,0.90508115,0.094918825,0
15470,ff1010bird,0,0.6132035,0.38679644,0
121538,ff1010bird,0,0.8545254,0.14547463,0
73517,ff1010bird,0,0.9609241,0.039075855,0
146325,ff1010bird,0,0.78540355,0.21459648,0
51374,ff1010bird,0,0.8592017,0.14079824,0
127366,ff1010bird,0,0.5286552,0.4713448,0
55108,ff1010bird,0,0.7100318,0.28996825,0
82905,ff1010bird,0,0.97807866,0.0219213,0
106849,ff1010bird,1,0.64709437,0.35290566,0
140829,ff1010bird,0,0.9836301,0.016369877,0
57056,ff1010bird,0,0.9954457,0.004554347,0
170797,ff1010bird,0,0.6341194,0.36588067,0
50126,ff1010bird,0,0.9946906,0.005309333,0
32295,ff1010bird,1,0.9366256,0.063374415,0
147929,ff1010bird,0,0.9377654,0.062234595,0
155251,ff1010bird,0,0.1004916,0.8995085,1
52418,ff1010bird,0,0.7777035,0.22229646,0
63925,ff1010bird,0,0.9959752,0.0040248553,0
144123,ff1010bird,0,0.98510855,0.014891434,0
38366,ff1010bird,0,0.81715626,0.18284379,0
43822,ff1010bird,0,0.93247175,0.06752822,0
120123,ff1010bird,0,0.97573245,0.024267513,0
32406,ff1010bird,1,0.93375784,0.066242084,0
184147,ff1010bird,0,0.98655915,0.01344078,0
156143,ff1010bird,0,0.9440547,0.055945203,0
107224,ff1010bird,0,0.9399471,0.06005282,0
55516,ff1010bird,0,0.9127082,0.08729174,0
18230,ff1010bird,1,0.093713835,0.9062861,1
160521,ff1010bird,0,0.9948354,0.0051646186,0
28167,ff1010bird,0,0.9689965,0.031003466,0
111012,ff1010bird,1,0.42243013,0.57756984,1
157912,ff1010bird,0,0.8213432,0.17865679,0
105323,ff1010bird,0,0.91462713,0.08537287,0
31266,ff1010bird,0,0.94259,0.057409972,0
34127,ff1010bird,0,0.98592806,0.01407194,0
156034,ff1010bird,0,0.94278365,0.05721629,0
18229,ff1010bird,0,0.17816499,0.821835,1
61465,ff1010bird,0,0.9516178,0.048382152,0
101456,ff1010bird,1,0.23064367,0.7693563,1
121955,ff1010bird,0,0.79456306,0.20543696,0
123995,ff1010bird,0,0.7248733,0.27512667,0
192153,ff1010bird,1,0.82334447,0.17665555,0
145557,ff1010bird,0,0.9684992,0.031500805,0
66758,ff1010bird,0,0.31043178,0.68956816,1
131919,ff1010bird,1,0.1924513,0.80754876,1
182800,ff1010bird,0,0.39820102,0.601799,1
94637,ff1010bird,0,0.96204036,0.037959617,0
185795,ff1010bird,0,0.98535764,0.014642339,0
113349,ff1010bird,0,0.6938105,0.30618942,0
177466,ff1010bird,0,0.9479297,0.052070346,0
125226,ff1010bird,0,0.8570754,0.14292458,0
102805,ff1010bird,1,0.08030256,0.9196974,1
173185,ff1010bird,1,0.7988005,0.20119944,0
127351,ff1010bird,0,0.8971983,0.10280164,0
139008,ff1010bird,0,0.7973888,0.20261118,0
177982,ff1010bird,0,0.94019216,0.05980786,0
100507,ff1010bird,1,0.9933891,0.0066108787,0
72263,ff1010bird,1,0.06232021,0.93767977,1
104390,ff1010bird,0,0.99663794,0.0033619872,0
90847,ff1010bird,0,0.97298604,0.027013926,0
168075,ff1010bird,0,0.98274994,0.017250117,0
103353,ff1010bird,0,0.96882856,0.031171378,0
159165,ff1010bird,0,0.97775215,0.02224787,0
117783,ff1010bird,0,0.9913032,0.008696767,0
7543,ff1010bird,0,0.93382645,0.066173576,0
160540,ff1010bird,0,0.98158103,0.018419033,0
128940,ff1010bird,0,0.9189254,0.08107464,0
118332,ff1010bird,0,0.986241,0.0137590375,0
51729,ff1010bird,0,0.9555256,0.04447435,0
195198,ff1010bird,1,0.05745605,0.9425439,1
161897,ff1010bird,0,0.39659458,0.60340536,1
92846,ff1010bird,0,0.91254014,0.08745987,0
110124,ff1010bird,0,0.76230526,0.2376948,0
121553,ff1010bird,1,0.7705856,0.22941437,0
164379,ff1010bird,0,0.92927384,0.07072611,0
188140,ff1010bird,0,0.9953057,0.0046942863,0
177189,ff1010bird,0,0.9709523,0.029047716,0
135504,ff1010bird,0,0.73255223,0.2674477,0
104430,ff1010bird,1,0.68020934,0.31979072,0
124684,ff1010bird,0,0.99426347,0.005736455,0
103671,ff1010bird,0,0.97069687,0.029303107,0
140818,ff1010bird,0,0.9996971,0.0003029006,0
44109,ff1010bird,1,0.13717794,0.86282206,1
76369,ff1010bird,0,0.9622783,0.03772167,0
2527,ff1010bird,0,0.98231894,0.017681023,0
123126,ff1010bird,1,0.7189623,0.28103766,0
44881,ff1010bird,0,0.6820825,0.31791753,0
184219,ff1010bird,0,0.89318436,0.10681568,0
42116,ff1010bird,0,0.9404274,0.059572566,0
79269,ff1010bird,0,0.9877856,0.012214367,0
101887,ff1010bird,1,0.032766502,0.9672335,1
158611,ff1010bird,0,0.96557826,0.034421712,0
70951,ff1010bird,0,0.9791272,0.020872703,0
160564,ff1010bird,0,0.8962115,0.103788495,0
149083,ff1010bird,0,0.9859244,0.014075553,0
151550,ff1010bird,1,0.11146969,0.88853025,1
63864,ff1010bird,0,0.98574096,0.014259116,0
143284,ff1010bird,1,0.5461316,0.45386836,0
23024,ff1010bird,0,0.9956697,0.0043302267,0
151773,ff1010bird,1,0.4463189,0.55368114,1
77308,ff1010bird,0,0.89636934,0.103630625,0
93667,ff1010bird,0,0.8989036,0.10109645,0
185128,ff1010bird,0,0.97651684,0.023483083,0
164903,ff1010bird,0,0.99447095,0.00552905,0
75833,ff1010bird,1,0.8583962,0.14160383,0
125559,ff1010bird,0,0.92816216,0.07183787,0
107522,ff1010bird,1,0.6675244,0.33247566,0
95033,ff1010bird,1,0.0133540165,0.98664594,1
171182,ff1010bird,0,0.9665636,0.03343649,0
156363,ff1010bird,0,0.997071,0.0029289857,0
65747,ff1010bird,0,0.94040686,0.05959307,0
17136,ff1010bird,0,0.9943408,0.0056591863,0
194674,ff1010bird,0,0.9369427,0.06305735,0
39010,ff1010bird,0,0.9523747,0.047625273,0
41486,ff1010bird,0,0.21660092,0.78339905,1
65811,ff1010bird,1,0.68192816,0.3180718,0
160041,ff1010bird,0,0.96508205,0.034917906,0
104189,ff1010bird,0,0.94011664,0.059883382,0
188261,ff1010bird,1,0.027239868,0.97276014,1
90356,ff1010bird,0,0.98299485,0.017005121,0
94399,ff1010bird,0,0.88639283,0.113607146,0
166203,ff1010bird,0,0.9986682,0.0013317923,0
153575,ff1010bird,0,0.9685693,0.03143074,0
176096,ff1010bird,0,0.9301783,0.06982179,0
59198,ff1010bird,0,0.8891696,0.110830456,0
116268,ff1010bird,1,0.9907629,0.009237073,0
53693,ff1010bird,1,0.022165008,0.977835,1
162127,ff1010bird,0,0.9955472,0.004452838,0
131107,ff1010bird,0,0.97183716,0.0281628,0
73097,ff1010bird,0,0.50214595,0.49785402,0
126824,ff1010bird,0,0.96759385,0.03240613,0
171647,ff1010bird,0,0.94361794,0.056382068,0
184222,ff1010bird,1,0.22462697,0.77537304,1
126334,ff1010bird,0,0.92308474,0.07691525,0
124405,ff1010bird,0,0.90962774,0.09037223,0
168051,ff1010bird,0,0.94426495,0.055735096,0
146853,ff1010bird,0,0.54480416,0.4551958,0
84540,ff1010bird,0,0.9095437,0.09045624,0
39653,ff1010bird,1,0.7694545,0.23054549,0
168697,ff1010bird,0,0.7141717,0.28582835,0
77665,ff1010bird,0,0.78743726,0.21256271,0
72011,ff1010bird,0,0.9878968,0.012103172,0
127635,ff1010bird,0,0.978195,0.02180498,0
106724,ff1010bird,0,0.8833789,0.116621025,0
55019,ff1010bird,0,0.83069444,0.16930562,0
159498,ff1010bird,0,0.9872121,0.0127878515,0
105361,ff1010bird,0,0.96524507,0.034754883,0
127444,ff1010bird,0,0.8187403,0.18125968,0
113475,ff1010bird,1,0.83730406,0.16269594,0
102841,ff1010bird,0,0.897684,0.10231605,0
77310,ff1010bird,0,0.93489414,0.06510588,0
70958,ff1010bird,1,0.12189443,0.87810564,1
12703,ff1010bird,0,0.95357305,0.046426926,0
58403,ff1010bird,0,0.98053,0.019469975,0
194743,ff1010bird,1,0.31977186,0.6802281,1
82908,ff1010bird,1,0.2958468,0.7041532,1
40835,ff1010bird,1,0.0148209715,0.985179,1
89958,ff1010bird,0,0.98120075,0.018799309,0
63584,ff1010bird,0,0.9664197,0.03358025,0
30788,ff1010bird,0,0.87928945,0.12071047,0
166426,ff1010bird,0,0.6951471,0.30485296,0
63926,ff1010bird,0,0.98626024,0.013739736,0
89445,ff1010bird,0,0.44404647,0.5559535,1
166101,ff1010bird,0,0.97870994,0.021290021,0
11684,ff1010bird,0,0.9076927,0.09230737,0
104485,ff1010bird,1,0.9038747,0.09612536,0
18045,ff1010bird,1,0.9298181,0.07018191,0
113326,ff1010bird,0,0.20190747,0.7980925,1
172167,ff1010bird,1,0.7992617,0.20073828,0
139099,ff1010bird,1,0.9717667,0.028233267,0
71116,ff1010bird,0,0.9895738,0.010426192,0
131712,ff1010bird,0,0.97504514,0.024954833,0
123720,ff1010bird,1,0.058891613,0.94110835,1
55097,ff1010bird,0,0.7325409,0.26745906,0
158782,ff1010bird,0,0.68733776,0.31266224,0
122189,ff1010bird,0,0.027070144,0.97292984,1
133818,ff1010bird,0,0.95496726,0.045032796,0
157909,ff1010bird,0,0.33078453,0.6692155,1
74217,ff1010bird,0,0.9505038,0.04949613,0
51493,ff1010bird,0,0.98674667,0.013253273,0
62241,ff1010bird,0,0.9435321,0.056467846,0
45480,ff1010bird,1,0.93297637,0.067023635,0
146858,ff1010bird,0,0.9618525,0.038147483,0
66155,ff1010bird,0,0.9752862,0.024713844,0
15791,ff1010bird,0,0.9991578,0.0008422056,0
66371,ff1010bird,0,0.96067923,0.039320756,0
34193,ff1010bird,0,0.4890783,0.5109217,1
17156,ff1010bird,0,0.9640767,0.035923276,0
153376,ff1010bird,1,0.01762563,0.9823744,1
123990,ff1010bird,0,0.99842703,0.0015729975,0
74364,ff1010bird,1,0.59929746,0.40070254,0
162750,ff1010bird,0,0.9906,0.009399998,0
49811,ff1010bird,1,0.023909528,0.97609043,1
191917,ff1010bird,0,0.9718275,0.028172525,0
158599,ff1010bird,0,0.70308435,0.29691565,0
86766,ff1010bird,0,0.97687703,0.02312294,0
93657,ff1010bird,0,0.72004515,0.27995482,0
172687,ff1010bird,0,0.40794724,0.5920527,1
75972,ff1010bird,1,0.92988676,0.07011319,0
70269,ff1010bird,1,0.004915271,0.9950847,1
44681,ff1010bird,0,0.8717231,0.12827685,0
24796,ff1010bird,0,0.5627657,0.43723434,0
3177,ff1010bird,0,0.89845985,0.10154018,0
102666,ff1010bird,0,0.5659439,0.43405613,0
18525,ff1010bird,0,0.81161004,0.18839003,0
18228,ff1010bird,1,0.9440881,0.055911884,0
191295,ff1010bird,0,0.9342859,0.06571412,0
20018,ff1010bird,0,0.8635881,0.13641189,0
139988,ff1010bird,0,0.99668,0.003320041,0
127362,ff1010bird,0,0.9429686,0.057031404,0
98210,ff1010bird,0,0.9414289,0.058571048,0
125247,ff1010bird,0,0.9824024,0.017597696,0
64121,ff1010bird,1,0.983705,0.016295087,0
31747,ff1010bird,1,0.014415081,0.9855849,1
39651,ff1010bird,1,0.96207577,0.037924197,0
103651,ff1010bird,0,0.98530316,0.014696844,0
43480,ff1010bird,0,0.9801226,0.019877402,0
112589,ff1010bird,0,0.9637726,0.036227386,0
191288,ff1010bird,0,0.9728326,0.02716739,0
36050,ff1010bird,0,0.51942265,0.48057732,0
79702,ff1010bird,0,0.95616,0.043839917,0
181606,ff1010bird,0,0.99541533,0.0045846957,0
111181,ff1010bird,0,0.96528304,0.034716956,0
165034,ff1010bird,0,0.72692424,0.2730758,0
168048,ff1010bird,0,0.98839265,0.011607335,0
109373,ff1010bird,0,0.84243053,0.15756947,0
166174,ff1010bird,0,0.9883305,0.011669592,0
127562,ff1010bird,0,0.88795966,0.11204036,0
16372,ff1010bird,0,0.5364881,0.46351188,0
157714,ff1010bird,0,0.54465836,0.45534167,0
110695,ff1010bird,1,0.8777998,0.12220014,0
73281,ff1010bird,1,0.028320955,0.97167903,1
127179,ff1010bird,1,0.88582534,0.11417465,0
94795,ff1010bird,1,0.09096851,0.9090315,1
13747,ff1010bird,0,0.9968804,0.0031195767,0
145043,ff1010bird,0,0.92752093,0.0724791,0
35538,ff1010bird,1,0.052673813,0.94732624,1
155130,ff1010bird,0,0.067761704,0.9322383,1
76407,ff1010bird,0,0.9988997,0.0011002226,0
69192,ff1010bird,0,0.9526239,0.047376115,0
53580,ff1010bird,0,0.90040725,0.09959278,0
99450,ff1010bird,0,0.69701236,0.30298766,0
118898,ff1010bird,1,0.01752791,0.98247206,1
89054,ff1010bird,0,0.45875984,0.5412401,1
109089,ff1010bird,0,0.9935806,0.0064194566,0
160038,ff1010bird,0,0.9921564,0.007843544,0
186517,ff1010bird,0,0.9854753,0.014524744,0
138014,ff1010bird,0,0.8993439,0.10065606,0
186333,ff1010bird,0,0.9841871,0.015812824,0
102090,ff1010bird,0,0.95857656,0.041423477,0
190702,ff1010bird,0,0.9772316,0.022768429,0
45482,ff1010bird,0,0.93487215,0.065127805,0
146862,ff1010bird,0,0.9237881,0.07621193,0
135877,ff1010bird,0,0.95834637,0.041653622,0
148871,ff1010bird,1,0.63254607,0.36745396,0
173900,ff1010bird,0,0.95183486,0.048165206,0
123718,ff1010bird,0,0.98185927,0.018140698,0
95548,ff1010bird,0,0.9472844,0.052715555,0
113327,ff1010bird,0,0.9706508,0.029349126,0
169097,ff1010bird,0,0.9598489,0.04015113,0
110686,ff1010bird,0,0.9001745,0.09982555,0
52778,ff1010bird,1,0.013626718,0.9863733,1
78794,ff1010bird,0,0.9190686,0.08093146,0
86763,ff1010bird,0,0.968048,0.031952024,0
107606,ff1010bird,0,0.95786095,0.042139016,0
69097,ff1010bird,1,0.92376006,0.07623997,0
155114,ff1010bird,0,0.97526985,0.024730135,0
21704,ff1010bird,0,0.96829224,0.03170779,0
155218,ff1010bird,0,0.968483,0.031517074,0
171165,ff1010bird,0,0.99075186,0.009248143,0
127282,ff1010bird,0,0.90071875,0.09928123,0
128615,ff1010bird,0,0.9220054,0.077994555,0
162736,ff1010bird,1,0.9963612,0.0036387672,0
17082,ff1010bird,0,0.95672107,0.04327891,0
25377,ff1010bird,0,0.9991792,0.0008208026,0
61029,ff1010bird,0,0.9587784,0.04122166,0
168083,ff1010bird,0,0.8848573,0.1151427,0
117502,ff1010bird,0,0.9083012,0.09169886,0
53699,ff1010bird,1,0.010731005,0.98926896,1
185139,ff1010bird,0,0.9940048,0.0059952755,0
192653,ff1010bird,1,0.9672403,0.032759737,0
155227,ff1010bird,1,0.44556513,0.55443484,1
76683,ff1010bird,0,0.39011568,0.6098843,1
40824,ff1010bird,1,0.008593289,0.9914067,1
89962,ff1010bird,0,0.9600684,0.039931588,0
60086,ff1010bird,0,0.87645495,0.12354503,0
121264,ff1010bird,0,0.76886255,0.23113742,0
143962,ff1010bird,0,0.9288229,0.071177125,0
90342,ff1010bird,1,0.02296342,0.97703654,1
70892,ff1010bird,1,0.118025996,0.881974,1
160529,ff1010bird,0,0.9435071,0.056492902,0
121887,ff1010bird,1,0.83309263,0.16690738,0
17135,ff1010bird,0,0.9617407,0.038259305,0
55118,ff1010bird,0,0.99024385,0.00975615,0
13792,ff1010bird,0,0.6763683,0.32363167,0
35053,ff1010bird,1,0.16260593,0.8373941,1
67685,ff1010bird,1,0.020533245,0.9794668,1
159437,ff1010bird,0,0.980702,0.01929799,0
185240,ff1010bird,0,0.8859468,0.11405312,0
73358,ff1010bird,0,0.88069266,0.11930737,0
79270,ff1010bird,0,0.9526527,0.047347285,0
145540,ff1010bird,0,0.9885322,0.011467759,0
71113,ff1010bird,0,0.99263257,0.0073673697,0
17515,ff1010bird,0,0.99139386,0.008606071,0
176242,ff1010bird,0,0.95295995,0.047040015,0
64430,ff1010bird,0,0.944704,0.055295978,0
127275,ff1010bird,0,0.98662424,0.013375709,0
162854,ff1010bird,0,0.99898344,0.0010165724,0
26969,ff1010bird,0,0.9325043,0.067495726,0
151255,ff1010bird,0,0.38241017,0.61758983,1
179388,ff1010bird,0,0.75172555,0.24827446,0
160000,ff1010bird,0,0.9620444,0.03795551,0
131032,ff1010bird,0,0.86619973,0.13380033,0
104627,ff1010bird,1,0.83661014,0.16338985,0
151381,ff1010bird,0,0.95986754,0.04013243,0
79264,ff1010bird,0,0.9904565,0.009543475,0
74467,ff1010bird,0,0.9910081,0.008991864,0
133097,ff1010bird,1,0.85956293,0.14043704,0
125211,ff1010bird,0,0.95306,0.04694008,0
109083,ff1010bird,0,0.96228135,0.037718654,0
90635,ff1010bird,0,0.9037193,0.09628077,0
147934,ff1010bird,0,0.79763794,0.20236203,0
64192,ff1010bird,0,0.7432329,0.25676715,0
112199,ff1010bird,1,0.048440695,0.9515593,1
160575,ff1010bird,1,0.39329115,0.6067089,1
169534,ff1010bird,0,0.9647866,0.035213456,0
44977,ff1010bird,0,0.979567,0.020433025,0
18765,ff1010bird,1,0.019152446,0.9808475,1
179607,ff1010bird,1,0.5462666,0.4537334,0
165288,ff1010bird,0,0.87515074,0.1248492,0
159997,ff1010bird,0,0.9857777,0.014222392,0
175603,ff1010bird,0,0.9459867,0.054013312,0
49407,ff1010bird,1,0.030535493,0.96946454,1
64170,ff1010bird,0,0.9449939,0.055006105,0
96916,ff1010bird,0,0.8460273,0.15397267,0
120385,ff1010bird,0,0.89649755,0.103502445,0
6108,ff1010bird,0,0.84201336,0.15798663,0
55111,ff1010bird,1,0.41064245,0.58935755,1
152938,ff1010bird,0,0.919021,0.080979,0
33449,ff1010bird,1,0.93877983,0.061220136,0
161609,ff1010bird,0,0.98399633,0.016003672,0
31823,ff1010bird,0,0.983799,0.01620104,0
147239,ff1010bird,0,0.98544276,0.014557302,0
168059,ff1010bird,0,0.8149504,0.18504964,0
20787,ff1010bird,0,0.9606985,0.03930147,0
17508,ff1010bird,1,0.73581713,0.26418293,0
194366,ff1010bird,1,0.94397676,0.056023177,0
159449,ff1010bird,0,0.9876978,0.012302175,0
126858,ff1010bird,0,0.8520151,0.1479849,0
63718,ff1010bird,0,0.98835874,0.011641215,0
30338,ff1010bird,1,0.0284214,0.97157866,1
65471,ff1010bird,0,0.9659829,0.034017157,0
94828,ff1010bird,0,0.8278499,0.17215006,0
194304,ff1010bird,0,0.9923953,0.007604732,0
147935,ff1010bird,0,0.85227364,0.14772634,0
170565,ff1010bird,0,0.9346637,0.06533625,0
46307,ff1010bird,0,0.9958269,0.0041731345,0
37931,ff1010bird,0,0.996126,0.0038740477,0
99002,ff1010bird,1,0.021104455,0.97889555,1
58511,ff1010bird,0,0.9987828,0.0012172213,0
135942,ff1010bird,0,0.92594266,0.07405736,0
52044,ff1010bird,1,0.027763039,0.97223693,1
184635,ff1010bird,0,0.974131,0.025869086,0
55169,ff1010bird,0,0.9527676,0.047232434,0
11682,ff1010bird,1,0.8153476,0.18465234,0
173916,ff1010bird,0,0.9996026,0.00039742296,0
78650,ff1010bird,1,0.81284136,0.18715863,0
80753,ff1010bird,0,0.9777169,0.02228308,0
15459,ff1010bird,1,0.050812658,0.94918734,1
104608,ff1010bird,1,0.61142445,0.38857558,0
57860,ff1010bird,0,0.9739706,0.026029442,0
165998,ff1010bird,0,0.95745957,0.042540416,0
159438,ff1010bird,0,0.9569757,0.04302427,0
157472,ff1010bird,0,0.92229795,0.0777021,0
94826,ff1010bird,0,0.99484223,0.005157842,0
20580,ff1010bird,0,0.96967167,0.03032833,0
56370,ff1010bird,0,0.9054823,0.094517685,0
135488,ff1010bird,1,0.5158297,0.48417032,0
148643,ff1010bird,1,0.03910558,0.9608944,1
49662,ff1010bird,0,0.99818736,0.001812588,0
140754,ff1010bird,0,0.86446136,0.1355386,0
141181,ff1010bird,0,0.9804247,0.019575253,0
105362,ff1010bird,0,0.66154534,0.33845466,0
191287,ff1010bird,0,0.9872754,0.0127245765,0
34165,ff1010bird,1,0.05481127,0.94518876,1
117503,ff1010bird,0,0.9254904,0.07450956,0
111078,ff1010bird,1,0.21317114,0.78682894,1
113387,ff1010bird,0,0.98593813,0.014061929,0
111180,ff1010bird,0,0.942033,0.05796698,0
98860,ff1010bird,1,0.08642239,0.91357756,1
120644,ff1010bird,0,0.94499105,0.05500901,0
136540,ff1010bird,0,0.9524727,0.047527328,0
141859,ff1010bird,0,0.99762636,0.0023736681,0
113575,ff1010bird,1,0.004866221,0.9951338,1
23771,ff1010bird,1,0.95494336,0.045056693,0
147794,ff1010bird,0,0.98182803,0.018171934,0
161923,ff1010bird,0,0.81756943,0.18243057,0
179503,ff1010bird,1,0.91320926,0.086790726,0
160522,ff1010bird,0,0.92722404,0.07277592,0
146198,ff1010bird,0,0.9834557,0.016544316,0
84910,ff1010bird,0,0.94179475,0.058205273,0
102868,ff1010bird,1,0.060154434,0.9398455,1
133879,ff1010bird,0,0.8498303,0.15016969,0
78801,ff1010bird,0,0.8502319,0.14976808,0
143305,ff1010bird,0,0.9823843,0.017615715,0
38764,ff1010bird,0,0.9525935,0.04740645,0
50057,ff1010bird,0,0.86292857,0.13707148,0
30444,ff1010bird,0,0.9484012,0.051598802,0
22519,ff1010bird,0,0.99599516,0.004004884,0
16782,ff1010bird,0,0.97733694,0.022663066,0
157645,ff1010bird,0,0.8268137,0.17318626,0
191088,ff1010bird,0,0.83487046,0.16512957,0
42540,ff1010bird,0,0.8564543,0.14354569,0
11696,ff1010bird,0,0.9383172,0.06168289,0
165281,ff1010bird,0,0.9663609,0.033639107,0
127297,ff1010bird,0,0.8607275,0.13927254,0
7995,ff1010bird,0,0.83641076,0.16358918,0
127288,ff1010bird,0,0.64860594,0.35139406,0
127439,ff1010bird,0,0.83829564,0.16170439,0
127263,ff1010bird,0,0.8800868,0.119913206,0
45906,ff1010bird,1,0.42920083,0.57079923,1
157193,ff1010bird,1,0.5575116,0.44248837,0
43716,ff1010bird,0,0.9643569,0.035643082,0
63734,ff1010bird,0,0.656759,0.34324095,0
192289,ff1010bird,0,0.9819364,0.018063622,0
79701,ff1010bird,0,0.5034364,0.49656364,0
96959,ff1010bird,1,0.009023529,0.9909765,1
160565,ff1010bird,0,0.9544924,0.045507565,0
108360,ff1010bird,0,0.9684515,0.031548485,0
146217,ff1010bird,0,0.9937563,0.0062437207,0
184796,ff1010bird,1,0.009158949,0.99084103,1
56361,ff1010bird,0,0.8133262,0.18667379,0
102860,ff1010bird,1,0.8917996,0.108200334,0
76436,ff1010bird,1,0.054771483,0.9452285,1
165108,ff1010bird,0,0.938314,0.06168599,0
78923,ff1010bird,0,0.86152947,0.13847053,0
51611,ff1010bird,0,0.9683814,0.03161861,0
69083,ff1010bird,0,0.90779227,0.09220776,0
166715,ff1010bird,0,0.30759168,0.6924083,1
174035,ff1010bird,0,0.99581605,0.0041839923,0
130585,ff1010bird,0,0.9792311,0.02076884,0
104998,ff1010bird,0,0.93612254,0.0638775,0
44978,ff1010bird,0,0.99720037,0.002799674,0
58269,ff1010bird,0,0.9880094,0.011990596,0
163727,ff1010bird,1,0.6719374,0.32806253,0
109377,ff1010bird,0,0.9911232,0.008876833,0
126828,ff1010bird,0,0.80580646,0.19419353,0
94636,ff1010bird,0,0.99490947,0.005090546,0
159156,ff1010bird,0,0.97288483,0.027115114,0
135719,ff1010bird,0,0.6574119,0.34258813,0
150028,ff1010bird,0,0.71796125,0.28203878,0
151195,ff1010bird,0,0.97804135,0.021958599,0
44218,ff1010bird,1,0.6542167,0.3457833,0
86959,ff1010bird,0,0.97273535,0.027264649,0
46069,ff1010bird,0,0.9323278,0.067672186,0
42786,ff1010bird,0,0.9674008,0.032599203,0
146869,ff1010bird,1,0.9186172,0.08138279,0
147942,ff1010bird,0,0.8994316,0.1005684,0
164847,ff1010bird,0,0.83692056,0.16307943,0
74911,ff1010bird,0,0.9565534,0.0434466,0
161678,ff1010bird,0,0.94158214,0.058417905,0
66013,ff1010bird,0,0.96092993,0.03907011,0
146846,ff1010bird,0,0.9808503,0.019149724,0
111667,ff1010bird,0,0.9429567,0.05704325,0
96967,ff1010bird,1,0.37810537,0.62189466,1
86935,ff1010bird,0,0.99900144,0.0009985374,0
20000,ff1010bird,0,0.956173,0.04382698,0
178426,ff1010bird,0,0.9950759,0.0049241604,0
127636,ff1010bird,0,0.95193344,0.048066597,0
108656,ff1010bird,0,0.90779287,0.092207134,0
72044,ff1010bird,0,0.80649686,0.19350308,0
81463,ff1010bird,0,0.9599742,0.040025827,0
146850,ff1010bird,0,0.91030973,0.08969025,0
104505,ff1010bird,1,0.8894028,0.11059716,0
145488,ff1010bird,0,0.9715874,0.028412612,0
146993,ff1010bird,0,0.93216324,0.06783676,0
22516,ff1010bird,0,0.9228823,0.07711766,0
187001,ff1010bird,1,0.018821593,0.98117834,1
82393,ff1010bird,0,0.9013684,0.09863162,0
42814,ff1010bird,0,0.9685136,0.031486455,0
184749,ff1010bird,1,0.91663206,0.08336794,0
90353,ff1010bird,0,0.9573827,0.042617347,0
64310,ff1010bird,0,0.96433187,0.0356682,0
160579,ff1010bird,0,0.21972442,0.7802756,1
18807,ff1010bird,0,0.98003846,0.019961553,0
54950,ff1010bird,1,0.1653069,0.8346931,1
73106,ff1010bird,0,0.99955124,0.00044871744,0
62488,ff1010bird,0,0.9621539,0.037846055,0
112188,ff1010bird,0,0.8952095,0.10479052,0
149763,ff1010bird,1,0.7086868,0.29131323,0
64486,ff1010bird,0,0.81014663,0.18985336,0
60050,ff1010bird,0,0.99435544,0.0056445515,0
127621,ff1010bird,0,0.9907873,0.009212695,0
97381,ff1010bird,0,0.7815327,0.21846728,0
92992,ff1010bird,0,0.9894449,0.010555064,0
57055,ff1010bird,1,0.8516304,0.14836957,0
44682,ff1010bird,0,0.97710335,0.022896688,0
173866,ff1010bird,1,0.008601085,0.99139893,1
103589,ff1010bird,0,0.999446,0.00055407017,0
132129,ff1010bird,0,0.9530882,0.04691179,0
20205,ff1010bird,1,0.027822746,0.9721772,1
71709,ff1010bird,1,0.63190275,0.36809728,0
2537,ff1010bird,1,0.011000003,0.989,1
40700,ff1010bird,0,0.9972784,0.0027216063,0
60178,ff1010bird,0,0.884422,0.115578026,0
131253,ff1010bird,0,0.9096395,0.09036055,0
140845,ff1010bird,0,0.39542618,0.6045738,1
73080,ff1010bird,0,0.93942744,0.0605726,0
181412,ff1010bird,0,0.94984466,0.05015533,0
150113,ff1010bird,1,0.0068025426,0.99319744,1
165877,ff1010bird,0,0.96136767,0.03863232,0
130874,ff1010bird,1,0.9779173,0.022082632,0
162450,ff1010bird,0,0.48268795,0.51731205,1
130869,ff1010bird,0,0.98782444,0.01217563,0
164923,ff1010bird,0,0.9563475,0.043652434,0
140720,ff1010bird,0,0.98359114,0.016408896,0
110740,ff1010bird,0,0.9844097,0.015590319,0
105272,ff1010bird,1,0.98279196,0.017208,0
52879,ff1010bird,1,0.3529501,0.6470499,1
15465,ff1010bird,1,0.5168648,0.48313525,0
98470,ff1010bird,1,0.014528881,0.9854711,1
191912,ff1010bird,0,0.9857314,0.014268513,0
190695,ff1010bird,0,0.72504544,0.2749546,0
127639,ff1010bird,0,0.9459767,0.054023325,0
78390,ff1010bird,0,0.60990137,0.39009866,0
108358,ff1010bird,0,0.9430469,0.056953087,0
80783,ff1010bird,0,0.9975228,0.0024771905,0
136605,ff1010bird,0,0.9666195,0.03338057,0
123142,ff1010bird,0,0.9460612,0.05393888,0
29867,ff1010bird,0,0.9351301,0.064869925,0
98223,ff1010bird,0,0.9609111,0.03908893,0
43760,ff1010bird,0,0.8876414,0.11235856,0
1045,ff1010bird,0,0.9700484,0.029951632,0
69103,ff1010bird,1,0.8523151,0.14768495,0
155641,ff1010bird,0,0.92098725,0.079012685,0
121361,ff1010bird,0,0.9934627,0.0065372884,0
77749,ff1010bird,0,0.8838418,0.1161582,0
137154,ff1010bird,1,0.81345797,0.18654208,0
57272,ff1010bird,0,0.8262189,0.17378105,0
191934,ff1010bird,0,0.9975198,0.0024801474,0
56910,ff1010bird,0,0.9729594,0.027040591,0
130968,ff1010bird,0,0.914323,0.08567706,0
89724,ff1010bird,0,0.96379274,0.0362073,0
140804,ff1010bird,0,0.91693074,0.08306919,0
150006,ff1010bird,0,0.9922848,0.007715233,0
160017,ff1010bird,0,0.8918173,0.10818279,0
56957,ff1010bird,0,0.8686422,0.13135785,0
48928,ff1010bird,0,0.9884665,0.01153353,0
89683,ff1010bird,0,0.43871102,0.56128895,1
146856,ff1010bird,0,0.98328364,0.016716378,0
16766,ff1010bird,1,0.06963897,0.9303611,1
55515,ff1010bird,0,0.37455723,0.6254428,1
39498,ff1010bird,0,0.9528893,0.04711068,0
22437,ff1010bird,0,0.9590919,0.04090808,0
17007,ff1010bird,1,0.99442023,0.005579708,0
82694,ff1010bird,0,0.9405315,0.05946845,0
157899,ff1010bird,1,0.8988509,0.10114904,0
178425,ff1010bird,0,0.9583513,0.041648712,0
54532,ff1010bird,1,0.013966653,0.9860334,1
122187,ff1010bird,0,0.978596,0.021404026,0
61629,ff1010bird,0,0.98171,0.01828997,0
79266,ff1010bird,0,0.8919195,0.10808046,0
68613,ff1010bird,0,0.9595408,0.04045921,0
132111,ff1010bird,0,0.905984,0.09401601,0
21893,ff1010bird,0,0.99386555,0.0061343955,0
63804,ff1010bird,0,0.96312326,0.036876757,0
164924,ff1010bird,1,0.095830716,0.9041693,1
65537,ff1010bird,0,0.9847074,0.015292612,0
164062,ff1010bird,1,0.003985848,0.9960141,1
116266,ff1010bird,0,0.99975806,0.00024199486,0
78806,ff1010bird,0,0.4125417,0.5874584,1
138434,ff1010bird,0,0.94200295,0.057997063,0
155192,ff1010bird,0,0.97511894,0.024881084,0
110920,ff1010bird,1,0.016966011,0.98303396,1
28252,ff1010bird,0,0.9741294,0.025870597,0
47468,ff1010bird,0,0.979901,0.020098986,0
91973,ff1010bird,1,0.10210693,0.8978931,1
74845,ff1010bird,0,0.9719203,0.028079718,0
158598,ff1010bird,0,0.96078545,0.039214566,0
25067,ff1010bird,0,0.95559365,0.044406354,0
170930,ff1010bird,1,0.012237845,0.9877622,1
15223,ff1010bird,1,0.80961865,0.19038129,0
40829,ff1010bird,1,0.002716282,0.9972837,1
45435,ff1010bird,0,0.98338336,0.016616695,0
89689,ff1010bird,0,0.889773,0.110227026,0
90423,ff1010bird,0,0.8975343,0.10246567,0
132228,ff1010bird,0,0.98822033,0.0117796855,0
164186,ff1010bird,0,0.97117424,0.028825795,0
60052,ff1010bird,0,0.97654253,0.023457434,0
147639,ff1010bird,1,0.31708428,0.68291575,1
87942,ff1010bird,0,0.9140878,0.085912205,0
113147,ff1010bird,0,0.8616655,0.13833457,0
41190,ff1010bird,0,0.9410485,0.058951497,0
155212,ff1010bird,0,0.8854379,0.1145621,0
42101,ff1010bird,0,0.9567112,0.043288812,0
48398,ff1010bird,1,0.08551258,0.9144874,1
26270,ff1010bird,0,0.9985337,0.0014663138,0
17001,ff1010bird,0,0.99480647,0.0051935893,0
31973,ff1010bird,0,0.9505031,0.049496964,0
74316,ff1010bird,1,0.021460028,0.97853994,1
1748,ff1010bird,0,0.8375661,0.16243392,0
38365,ff1010bird,0,0.5984762,0.4015239,0
118745,ff1010bird,0,0.9947324,0.005267624,0
157470,ff1010bird,0,0.97487974,0.02512027,0
39652,ff1010bird,1,0.49117774,0.50882226,1
98703,ff1010bird,1,0.009418077,0.99058187,1
167091,ff1010bird,0,0.97393554,0.026064435,0
36321,ff1010bird,0,0.9837307,0.016269315,0
121550,ff1010bird,1,0.17754364,0.82245636,1
75966,ff1010bird,1,0.0009211352,0.99907887,1
58858,ff1010bird,0,0.9947352,0.005264766,0
112184,ff1010bird,0,0.9467489,0.05325107,0
19264,ff1010bird,1,0.30568287,0.69431716,1
176181,ff1010bird,0,0.96959686,0.030403167,0
9219,ff1010bird,0,0.9804693,0.019530663,0
116223,ff1010bird,1,0.35412174,0.6458782,1
62066,ff1010bird,0,0.9638489,0.036151174,0
145552,ff1010bird,0,0.9489295,0.051070463,0
185118,ff1010bird,0,0.89734757,0.10265244,0
158602,ff1010bird,0,0.98039675,0.01960327,0
190951,ff1010bird,0,0.4540585,0.54594153,1
107225,ff1010bird,0,0.9666422,0.033357784,0
78799,ff1010bird,0,0.975229,0.024770971,0
58232,ff1010bird,1,0.10464409,0.8953559,1
161192,ff1010bird,0,0.9945479,0.0054521183,0
47181,ff1010bird,0,0.8533984,0.14660166,0
146703,ff1010bird,1,0.22785896,0.77214104,1
126105,ff1010bird,1,0.03789634,0.96210366,1
195318,ff1010bird,0,0.8262708,0.17372915,0
157733,ff1010bird,0,0.94776905,0.052230947,0
128235,ff1010bird,0,0.9687554,0.031244542,0
42367,ff1010bird,0,0.99143326,0.008566713,0
188812,ff1010bird,1,0.014219564,0.9857804,1
15293,ff1010bird,0,0.98865765,0.0113423355,0
